{
  "marketing_stripe": {
    "text": "Aproveite nossos descontos na compra de mais de uma obra!",
    "link": "/promotion",
    "background": "#fd1010",
    "color": "#ff1616"
  },
  "contacts_stripe": {
    "pages": [
      {
        "title": "Sobre nós",
        "link": "/pages/sobre-nos"
      }
    ],
    "phone_wpp": true,
    "socials": true
  },
  "categories_list": {
    "featured": [
      "/quadros?Quadros",
      "/escultura-em-aramado?Escultura em Aramado",
      "/escultura-de-base?Escultura de Base",
      "/jardim-iluminado?Jardim Iluminado"
    ],
    "random": 4,
    "full_width": false
  },
  "search_input": true
}