{
  "meta_title": "Objetos de Arte & Decoração",
  "meta_description": "Arte, decoração, casa, flor, flor de metal, peças de arte, decor, home, gesso, aramado, Rodrigo Eloi",
  "sections": [
    {
      "type": "banner-slider",
      "autoplay": 9000,
      "slides": [
        {
          "img": "/img/uploads/objetos-de-arte-e-decoracao.png",
          "link": "",
          "alt": "",
          "start": "",
          "end": "",
          "mobile_img": ""
        },
        {
          "start": "2020-10-01T03:00:00.000Z",
          "end": "2020-12-18T03:00:00.000Z",
          "img": "/img/uploads/copia-de-design-sem-nome.png",
          "mobile_img": "",
          "alt": "Promo",
          "link": ""
        }
      ]
    },
    {
      "type": "collection-shelf",
      "shuffle": false,
      "limit": 12,
      "page": 1,
      "collection_id": "605bd51ba46e555927c4a0cc:categories:Quadros:/quadros"
    },
    {
      "type": "info-bar",
      "enabled": true
    },
    {
      "type": "collection-shelf",
      "shuffle": false,
      "limit": 12,
      "page": 1,
      "collection_id": "60413d496d50911b60544adb:brands:Rodrigo Eloi:/rodrigo-eloi",
      "title": "Decore com unicidade, elegância e bom gosto!",
      "sort": "slug"
    },
    {
      "type": "collection-shelf",
      "shuffle": true,
      "collection_id": "5f29ae02f023684cdbd7416f"
    },
    {
      "type": "collection-shelf",
      "shuffle": true,
      "collection_id": "5f297825f023684cdbd732c7"
    },
    {
      "type": "collection-shelf",
      "shuffle": true,
      "collection_id": "5f29ad93f023684cdbd7413d"
    },
    {
      "type": "collection-shelf",
      "shuffle": true,
      "collection_id": "5f29ad43f023684cdbd74117"
    },
    {
      "type": "banner-slider",
      "autoplay": 9000
    },
    {
      "type": "collection-shelf",
      "shuffle": true,
      "collection_id": "5f59fe5d7430f92180edf18e",
      "title": ""
    },
    {
      "type": "collection-shelf",
      "shuffle": true,
      "collection_id": "5f5a00c67430f92180edf1c8"
    },
    {
      "type": "collection-shelf",
      "shuffle": true,
      "collection_id": "5f5a045f7430f92180edf202"
    },
    {
      "type": "collection-shelf",
      "shuffle": true,
      "collection_id": "5f5a02d97430f92180edf1db"
    }
  ]
}